{"handle_1": [-14.043883988612686, 13.548671076135712, -0.1905676956750537], "handle_2": [-13.967839088269864, -13.450995793504639, -0.07934726695493707], "shaft_base": [27.978408422109318, 0.14595684508420798, -5.2644612115338525], "shaft_tip": [72.0087622388011, 0.31060253369249674, 4.599666579952828]}