{"handle_1": [-32.037745884619646, 13.410112410783768, 0.043109702877700135], "handle_2": [-31.961700984276824, -13.589554458856583, 0.15433013159781675], "shaft_base": [9.984546526102356, 0.0073981797322627, -5.030783812981099], "shaft_tip": [54.014900342794135, 0.17204386834055146, 4.833343978505582]}