{"shaft_base": [-15.730543813222123, -0.06395853879655766, 8.772097109078302], "shaft_tip": [-65.76969512414283, -0.030505394430636042, -9.1187685744773], "head_1": [-128.2715403349335, -39.99999271386912, 0.0032613395777196796], "head_2": [-128.22829180073091, 39.99999774938772, 0.03188709887383889]}