{"shaft_base": [68.76947395503521, -0.04034381436940804, 8.849977865815163], "shaft_tip": [18.7303226441145, -0.0068906700034864175, -9.04088781774044], "head_1": [-43.77152256667614, -39.97637798944197, 0.08114209631457958], "head_2": [-43.728274032473564, 40.023612473814865, 0.1097678556106988]}