{"shaft_tip": [93.36064920831654, -1.3973910536956555, 2.9659495005525316], "handle_1": [-4.516616635642059, -10.158372004626044, 9.363508890397068], "handle_2": [-4.584106797841887, 10.384933162929768, -9.27973713146973], "handle_base": [-72.36923597037145, -12.738278801813914, -5.603328741513971]}