{"head_1": [-123.80431080239083, 24.45786600281054, 7.013742245758775], "head_2": [-99.01430189716062, -24.06022202891844, -7.145539636916939], "shaft_tip": [6.968202758030234, 0.08906544174452535, 3.8650621440890323], "shaft_base": [109.4646780790847, -0.6884761426256669, -3.5430943427269734]}