{"shaft_tip": [90.38797675720126, 2.0798861206058055, 3.604351371061057], "handle_1": [-7.489289086757346, -6.681094830324582, 10.001910760905593], "handle_2": [-7.556779248957174, 13.862210337231227, -8.641335260961204], "handle_base": [-75.34190842148674, -9.261001627512451, -4.964926871005445]}