{"head_front": [-103.38034276374965, -60.34305283545983, -5.457657453672301], "head_back": [-100.22845913478521, 72.46261403860991, 8.746132767515475], "shaft_top": [0.9988412048842221, -2.91456084798556, -10.693097462878585], "shaft_bottom": [202.60996069365063, -9.205000355164522, 7.404622149035412]}