{"head_1": [-97.2078778367817, 24.5083076845578, 6.966199643207802], "head_2": [-72.41786893155148, -24.00978034717118, -7.193082239467913], "shaft_tip": [33.56463572363937, 0.1395071234917853, 3.8175195415380583], "shaft_base": [136.06111104469383, -0.6380344608784069, -3.5906369452779474]}