{"head_front": [-173.62639011346803, -66.65198399646528, -5.957900546372277], "head_back": [-170.4745064845036, 66.15368287760445, 8.245889674815496], "shaft_top": [-69.24720614483417, -9.223492008991016, -11.193340555578562], "shaft_bottom": [132.36391334393227, -15.513931516169977, 6.904379056335436]}